Partido,Fecha_Hora_Colombia,Liga,Tipo_Mercado,Mercado,Mejor_Cuota,Mejor_Casa,Num_Casas,Score_Final,Diferencia_Cuota_Promedio,Volatilidad_Pct,Margen_Casa_Pct,Cuota_Promedio_Mercado,Todas_Las_Cuotas,Confianza
Deportivo La Coruña vs Real Sociedad B,2025-12-13 15:00:00,La Liga 2,Goles (Over/Under),Over 2.5,1.88,pinnacle,3,1.2925,0.06,2.37,2.94,1.82,pinnacle:1.88; betsson:1.8; codere_it:1.78,79.8
Strasbourg vs Lorient,2025-12-14 11:15:00,Ligue 1,Goles (Over/Under),Over 2.5,1.85,pinnacle,3,1.1519,0.06,2.54,2.83,1.79,pinnacle:1.85; betsson:1.78; codere_it:1.74,75.56
Udinese vs Napoli,2025-12-14 09:00:00,Serie A,Goles (Over/Under),Over 2.5,2.38,betsson,2,-0.1991,0.005,0.21,6.53,2.375,betsson:2.38; codere_it:2.37,74.71
Wellington Phoenix FC vs Newcastle Jets FC,2025-12-13 21:00:00,A-League,Doble Chance,X2,1.51,pinnacle,4,1.081,0.035,1.55,3.21,1.475,pinnacle:1.51; codere_it:1.48; marathonbet:1.46; betsson:1.45,74.21
Rangers vs Hibernian,2025-12-15 14:45:00,Premiership,Goles (Over/Under),Over 2.5,1.78,betsson,2,0.1632,0.005,0.28,6.68,1.775,betsson:1.78; codere_it:1.77,73.6
Nottingham Forest vs Tottenham Hotspur,2025-12-14 09:00:00,EPL,Goles (Over/Under),Over 2.5,2.05,pinnacle,3,1.0848,0.0567,3.02,2.83,1.9933,pinnacle:2.05; betsson:2.02; codere_it:1.91,72.92
FC Basel vs FC Lausanne-Sport,2025-12-14 10:30:00,Swiss Superleague,Goles (Over/Under),Under 3.5,1.88,pinnacle,3,1.1191,0.0267,1.11,3.19,1.8533,pinnacle:1.88; betsson:1.85; codere_it:1.83,72.85
Alavés vs Real Madrid,2025-12-14 15:00:00,La Liga,Goles (Over/Under),Over 2.5,1.75,betsson,2,0.1774,0.005,0.29,6.65,1.745,betsson:1.75; codere_it:1.74,72.81
Sunderland vs Newcastle United,2025-12-14 09:00:00,EPL,Doble Chance,X2,1.35,pinnacle,4,0.1765,0.0025,0.32,3.4,1.3475,pinnacle:1.35; marathonbet:1.35; betsson:1.35; codere_it:1.34,71.53
Auxerre vs Lille,2025-12-14 11:15:00,Ligue 1,Doble Chance,X2,1.24,pinnacle,4,0.2493,0.0075,0.35,3.49,1.2325,pinnacle:1.24; betsson:1.23; codere_it:1.23; marathonbet:1.23,70.88
Lyon vs Le Havre,2025-12-14 09:00:00,Ligue 1,Goles (Over/Under),Over 2.5,1.95,pinnacle,3,1.0194,0.07,2.64,3.1,1.88,pinnacle:1.95; betsson:1.85; codere_it:1.84,70.82
Albacete vs Málaga,2025-12-14 10:15:00,La Liga 2,Goles (Over/Under),Over 2.5,2.02,pinnacle,3,0.9663,0.05,1.81,3.56,1.97,pinnacle:2.02; betsson:1.95; codere_it:1.94,70.13
Charleroi vs Union Saint-Gilloise,2025-12-14 12:30:00,Belgium First Div,Goles (Over/Under),Over 2.5,2.04,pinnacle,2,0.4392,0.01,0.49,3.37,2.03,pinnacle:2.04; betsson:2.02,69.52
Alavés vs Real Madrid,2025-12-14 15:00:00,La Liga,Doble Chance,X2,1.17,marathonbet,4,0.2348,0.0075,0.37,3.28,1.1625,marathonbet:1.17; pinnacle:1.16; codere_it:1.16; betsson:1.16,69.27
Falkirk F.C. vs Hearts,2025-12-13 15:00:00,Premiership,Doble Chance,X2,1.23,pinnacle,4,0.9315,0.025,1.71,3.65,1.205,pinnacle:1.23; betsson:1.22; marathonbet:1.19; codere_it:1.18,68.37
Gazişehir Gaziantep vs Goztepe,2025-12-14 06:30:00,Super League,Goles (Over/Under),Over 2.5,1.96,pinnacle,3,0.8343,0.0333,1.49,3.38,1.9267,pinnacle:1.96; betsson:1.93; codere_it:1.89,67.66
Deportivo La Coruña vs Real Sociedad B,2025-12-13 15:00:00,La Liga 2,Doble Chance,X2,2.74,pinnacle,4,0.9945,0.175,4.39,3.61,2.565,pinnacle:2.74; marathonbet:2.58; betsson:2.5; codere_it:2.44,66.75
Aberdeen vs Kilmarnock,2025-12-14 10:00:00,Premiership,Goles (Over/Under),Over 2.5,1.98,pinnacle,3,0.8947,0.0633,2.77,3.42,1.9167,pinnacle:1.98; betsson:1.92; codere_it:1.85,66.3
Zaragoza vs Cádiz CF,2025-12-13 15:00:00,La Liga 2,Doble Chance,X2,1.73,pinnacle,3,0.9003,0.0567,2.41,3.41,1.6733,pinnacle:1.73; marathonbet:1.65; betsson:1.64,66.12
FC Schalke 04 vs 1. FC Nürnberg,2025-12-14 07:30:00,Bundesliga 2,Goles (Over/Under),Over 2.5,1.93,pinnacle,3,0.9091,0.08,3.09,3.63,1.85,pinnacle:1.93; betsson:1.82; codere_it:1.8,66.02
Samsunspor vs Basaksehir,2025-12-14 12:00:00,Super League,Goles (Over/Under),Over 2.5,1.88,pinnacle,3,0.8401,0.05,2.23,3.44,1.83,pinnacle:1.88; betsson:1.83; codere_it:1.78,65.5
Deportivo La Coruña vs Real Sociedad B,2025-12-13 15:00:00,La Liga 2,Goles (Over/Under),Under 2.5,2.01,pinnacle,3,1.2925,0.0767,2.81,2.94,1.9333,pinnacle:2.01; betsson:1.9; codere_it:1.89,65.34
Getafe vs Espanyol,2025-12-13 15:00:00,La Liga,Doble Chance,X2,1.52,pinnacle,4,0.4539,0.01,0.66,2.71,1.51,pinnacle:1.52; marathonbet:1.52; codere_it:1.5; betsson:1.5,65.25
Jahn Regensburg vs Waldhof Mannheim,2025-12-14 10:30:00,3. Liga,Goles (Over/Under),Over 2.5,1.58,betsson,2,0.036,0.005,0.32,8.34,1.575,betsson:1.58; codere_it:1.57,64.73
Falkirk F.C. vs Hearts,2025-12-13 15:00:00,Premiership,Goles (Over/Under),Over 2.5,1.9,pinnacle,3,0.7986,0.0667,2.72,2.88,1.8333,pinnacle:1.9; codere_it:1.82; betsson:1.78,64.58
West Ham United vs Aston Villa,2025-12-14 09:00:00,EPL,Goles (Over/Under),Over 2.5,1.89,pinnacle,3,0.8291,0.0467,3.2,3.16,1.8433,pinnacle:1.89; betsson:1.88; codere_it:1.76,64.33
Racing Club vs Estudiantes,2025-12-13 19:00:00,Primera División,Doble Chance,X2,1.4,pinnacle,3,0.5888,0.0133,0.9,3.21,1.3867,pinnacle:1.4; betsson:1.39; marathonbet:1.37,64.11
Raków Częstochowa vs Zagłębie Lubin,2025-12-14 08:45:00,Ekstraklasa,Goles (Over/Under),Over 2.5,2.01,pinnacle,3,0.8163,0.0767,2.81,3.81,1.9333,pinnacle:2.01; betsson:1.9; codere_it:1.89,63.3
Genoa vs Inter Milan,2025-12-14 12:00:00,Serie A,Doble Chance,X2,1.14,pinnacle,4,0.0815,0.0025,0.38,3.68,1.1375,pinnacle:1.14; betsson:1.14; marathonbet:1.14; codere_it:1.13,63.3
Auxerre vs Lille,2025-12-14 11:15:00,Ligue 1,Goles (Over/Under),Over 2.5,1.96,pinnacle,3,0.6113,0.0333,1.29,2.83,1.9267,pinnacle:1.96; codere_it:1.92; betsson:1.9,63.16
Jahn Regensburg vs Waldhof Mannheim,2025-12-14 10:30:00,3. Liga,Goles (Over/Under),Under 2.5,2.22,betsson,2,0.036,0.005,0.23,8.34,2.215,betsson:2.22; codere_it:2.21,63.16
Falkirk F.C. vs Hearts,2025-12-13 15:00:00,Premiership,Goles (Over/Under),Under 2.5,1.99,pinnacle,3,0.7986,0.0133,0.63,2.88,1.9767,pinnacle:1.99; betsson:1.98; codere_it:1.96,62.98
Charleroi vs Union Saint-Gilloise,2025-12-14 12:30:00,Belgium First Div,Doble Chance,X2,1.22,pinnacle,3,0.464,0.01,0.67,4.03,1.21,pinnacle:1.22; betsson:1.21; marathonbet:1.2,62.91
Strasbourg vs Lorient,2025-12-14 11:15:00,Ligue 1,Goles (Over/Under),Under 2.5,2.05,pinnacle,3,1.1519,0.0567,2.1,2.83,1.9933,pinnacle:2.05; betsson:1.98; codere_it:1.95,62.59
Nottingham Forest vs Tottenham Hotspur,2025-12-14 09:00:00,EPL,Doble Chance,X2,1.55,pinnacle,4,0.1916,0.01,0.46,3.34,1.54,pinnacle:1.55; marathonbet:1.54; betsson:1.54; codere_it:1.53,62.58
Brentford vs Leeds United,2025-12-14 11:30:00,EPL,Goles (Over/Under),Over 2.5,1.92,pinnacle,3,0.4437,0.02,0.86,2.84,1.9,pinnacle:1.92; codere_it:1.9; betsson:1.88,61.98
Albacete vs Málaga,2025-12-14 10:15:00,La Liga 2,Doble Chance,X2,1.88,pinnacle,4,0.8354,0.095,3.46,4.07,1.785,pinnacle:1.88; marathonbet:1.79; betsson:1.76; codere_it:1.71,61.97
Almería vs Burgos CF,2025-12-14 12:30:00,La Liga 2,Doble Chance,X2,2.1,pinnacle,4,0.8129,0.09,3.34,4.17,2.01,pinnacle:2.1; marathonbet:2.04; betsson:1.98; codere_it:1.92,61.28
Fatih Karagümrük vs Kocaelispor,2025-12-14 09:00:00,Super League,Doble Chance,X2,1.34,betsson,4,-0.074,0.0025,0.32,6.35,1.3375,betsson:1.34; pinnacle:1.34; codere_it:1.34; marathonbet:1.33,61.28
West Ham United vs Aston Villa,2025-12-14 09:00:00,EPL,Doble Chance,X2,1.31,marathonbet,4,0.2437,0.01,0.54,3.2,1.3,marathonbet:1.31; pinnacle:1.3; codere_it:1.3; betsson:1.29,61.18
Legia Warszawa vs Piast Gliwice,2025-12-14 14:15:00,Ekstraklasa,Doble Chance,X2,1.82,pinnacle,4,0.7574,0.0575,2.14,4.41,1.7625,pinnacle:1.82; marathonbet:1.77; betsson:1.74; codere_it:1.72,61.03
FC Zwolle vs Fortuna Sittard,2025-12-13 15:00:00,Eredivisie,Doble Chance,X2,1.56,pinnacle,4,0.6557,0.035,1.64,3.34,1.525,pinnacle:1.56; betsson:1.53; codere_it:1.52; marathonbet:1.49,60.86
FC Blau-Weiß Linz vs Rapid Wien,2025-12-14 08:30:00,Austrian Bundesliga,Goles (Over/Under),Over 2.5,2.03,pinnacle,3,0.6024,0.04,1.48,3.32,1.99,pinnacle:2.03; betsson:1.98; codere_it:1.96,60.85
Motor Lublin vs Jagiellonia Białystok,2025-12-14 11:30:00,Ekstraklasa,Doble Chance,X2,1.54,pinnacle,4,0.7687,0.0575,2.45,4.54,1.4825,pinnacle:1.54; marathonbet:1.48; betsson:1.47; codere_it:1.44,60.65
Nottingham Forest vs Tottenham Hotspur,2025-12-14 09:00:00,EPL,Goles (Over/Under),Under 2.5,1.85,pinnacle,3,1.0848,0.0533,2.15,2.83,1.7967,pinnacle:1.85; betsson:1.78; codere_it:1.76,60.46
Bologna vs Juventus,2025-12-14 14:45:00,Serie A,Doble Chance,X2,1.44,marathonbet,4,0.2593,0.0125,0.58,3.24,1.4275,marathonbet:1.44; pinnacle:1.43; codere_it:1.42; betsson:1.42,60.29
SC Freiburg vs Borussia Dortmund,2025-12-14 09:30:00,Bundesliga,Doble Chance,X2,1.36,pinnacle,4,0.2909,0.0075,0.61,3.3,1.3525,pinnacle:1.36; marathonbet:1.36; betsson:1.35; codere_it:1.34,60.28
Fatih Karagümrük vs Kocaelispor,2025-12-14 09:00:00,Super League,Goles (Over/Under),Over 2.5,2.07,betsson,2,0.2,0.01,0.49,6.45,2.06,betsson:2.07; codere_it:2.05,59.51
Sunderland vs Newcastle United,2025-12-14 09:00:00,EPL,Goles (Over/Under),Over 2.5,2.05,pinnacle,3,0.3675,0.0133,0.93,2.83,2.0367,pinnacle:2.05; betsson:2.05; codere_it:2.01,58.84
FC Schalke 04 vs 1. FC Nürnberg,2025-12-14 07:30:00,Bundesliga 2,Doble Chance,X2,2.09,pinnacle,4,0.6496,0.0575,1.95,3.91,2.0325,pinnacle:2.09; marathonbet:2.04; codere_it:2.02; betsson:1.98,58.83
Pescara vs Frosinone,2025-12-14 11:15:00,Serie B,Doble Chance,X2,1.26,pinnacle,4,0.5659,0.02,1.28,4.17,1.24,pinnacle:1.26; codere_it:1.25; marathonbet:1.23; betsson:1.22,58.69
Raków Częstochowa vs Zagłębie Lubin,2025-12-14 08:45:00,Ekstraklasa,Doble Chance,X2,2.27,pinnacle,4,0.5172,0.025,1.02,4.93,2.245,pinnacle:2.27; betsson:2.26; marathonbet:2.24; codere_it:2.21,58.48
Moreirense FC vs Benfica,2025-12-14 13:00:00,Primeira Liga,Doble Chance,X2,1.07,pinnacle,3,0.3982,0.01,0.77,4.57,1.06,pinnacle:1.07; marathonbet:1.06; betsson:1.05,58.41
Famalicão vs Estoril,2025-12-14 10:30:00,Primeira Liga,Goles (Over/Under),Over 2.5,1.87,pinnacle,2,0.5086,0.025,1.36,3.48,1.845,pinnacle:1.87; betsson:1.82,58.36
FC Lugano vs Servette,2025-12-14 10:30:00,Swiss Superleague,Doble Chance,X2,1.7,pinnacle,4,0.625,0.04,1.86,3.92,1.66,pinnacle:1.7; codere_it:1.68; marathonbet:1.63; betsson:1.63,58.33
Austria Wien vs Sturm Graz,2025-12-14 11:00:00,Austrian Bundesliga,Goles (Over/Under),Over 2.5,1.93,pinnacle,3,0.562,0.0433,1.75,3.63,1.8867,pinnacle:1.93; betsson:1.88; codere_it:1.85,58.08
Lyon vs Le Havre,2025-12-14 09:00:00,Ligue 1,Goles (Over/Under),Under 2.5,1.93,pinnacle,3,1.0194,0.0433,2.22,3.1,1.8867,pinnacle:1.93; betsson:1.9; codere_it:1.83,57.74
AC Milan vs Sassuolo,2025-12-14 06:30:00,Serie A,Goles (Over/Under),Over 2.5,1.9,pinnacle,3,0.4076,0.0267,1.1,3.14,1.8733,pinnacle:1.9; codere_it:1.87; betsson:1.85,57.69
Celta Vigo vs Athletic Bilbao,2025-12-14 10:15:00,La Liga,Doble Chance,X2,1.48,marathonbet,4,0.3583,0.0175,0.89,3.07,1.4625,marathonbet:1.48; pinnacle:1.47; codere_it:1.45; betsson:1.45,57.6
NAC Breda vs FC Utrecht,2025-12-14 10:45:00,Eredivisie,Doble Chance,X2,1.48,pinnacle,4,0.4425,0.0225,1.01,3.91,1.4575,pinnacle:1.48; betsson:1.46; codere_it:1.45; marathonbet:1.44,57.39
RB Salzburg vs Wolfsberger AC,2025-12-14 08:30:00,Austrian Bundesliga,Doble Chance,X2,2.06,pinnacle,3,0.7045,0.0967,3.95,4.4,1.9633,pinnacle:2.06; betsson:1.96; codere_it:1.87,57.31
Aberdeen vs Kilmarnock,2025-12-14 10:00:00,Premiership,Doble Chance,X2,2.01,pinnacle,4,0.642,0.065,2.45,4.33,1.945,pinnacle:2.01; marathonbet:1.97; betsson:1.91; codere_it:1.89,57.06
Samsunspor vs Basaksehir,2025-12-14 12:00:00,Super League,Doble Chance,X2,1.71,pinnacle,4,0.5393,0.035,1.55,3.82,1.675,pinnacle:1.71; codere_it:1.69; betsson:1.65; marathonbet:1.65,56.97
Paris FC vs Toulouse,2025-12-13 15:05:00,Ligue 1,Doble Chance,X2,1.49,marathonbet,4,0.2573,0.0125,0.74,3.07,1.4775,marathonbet:1.49; pinnacle:1.48; betsson:1.48; codere_it:1.46,56.85
FC Blau-Weiß Linz vs Rapid Wien,2025-12-14 08:30:00,Austrian Bundesliga,Doble Chance,X2,1.34,pinnacle,3,0.4821,0.02,1.24,3.9,1.32,pinnacle:1.34; codere_it:1.32; betsson:1.3,56.76
Moreirense FC vs Benfica,2025-12-14 13:00:00,Primeira Liga,Goles (Over/Under),Over 2.5,1.84,pinnacle,2,0.4926,0.03,1.66,3.37,1.81,pinnacle:1.84; betsson:1.78,56.74
AD Ceuta FC vs Las Palmas,2025-12-14 15:00:00,La Liga 2,Doble Chance,X2,1.38,pinnacle,4,0.6184,0.045,2.22,4.77,1.335,pinnacle:1.38; marathonbet:1.34; betsson:1.32; codere_it:1.3,56.35
FC Schalke 04 vs 1. FC Nürnberg,2025-12-14 07:30:00,Bundesliga 2,Goles (Over/Under),Under 2.5,1.93,pinnacle,3,0.9091,0.0367,1.39,3.63,1.8933,pinnacle:1.93; betsson:1.88; codere_it:1.87,56.18
NAC Breda vs FC Utrecht,2025-12-14 10:45:00,Eredivisie,Goles (Over/Under),Over 2.5,1.9,pinnacle,3,0.5398,0.05,2.46,3.39,1.85,pinnacle:1.9; betsson:1.86; codere_it:1.79,56.16
SV Darmstadt 98 vs SC Preußen Münster,2025-12-14 07:30:00,Bundesliga 2,Doble Chance,X2,2.24,pinnacle,4,0.5843,0.0625,2.11,4.21,2.1775,pinnacle:2.24; codere_it:2.18; marathonbet:2.18; betsson:2.11,56.12
Gent vs Royal Antwerp,2025-12-14 07:30:00,Belgium First Div,Doble Chance,X2,1.7,pinnacle,3,0.5037,0.0333,1.5,4.01,1.6667,pinnacle:1.7; betsson:1.66; marathonbet:1.64,55.87
Genoa vs Inter Milan,2025-12-14 12:00:00,Serie A,Goles (Over/Under),Over 2.5,2.04,pinnacle,3,0.456,0.04,1.87,3.07,2.0,pinnacle:2.04; codere_it:2.01; betsson:1.95,55.54
RC Lens vs Nice,2025-12-14 11:15:00,Ligue 1,Goles (Over/Under),Under 3.5,1.65,betsson,2,-0.1713,0.005,0.3,6.48,1.645,betsson:1.65; codere_it:1.64,55.28
Gent vs Royal Antwerp,2025-12-14 07:30:00,Belgium First Div,Goles (Over/Under),Over 2.5,1.88,pinnacle,2,0.4012,0.025,1.35,3.44,1.855,pinnacle:1.88; betsson:1.83,55.26
Almería vs Burgos CF,2025-12-14 12:30:00,La Liga 2,Goles (Over/Under),Over 2.5,2.15,betsson,2,0.0498,0.01,0.47,8.24,2.14,betsson:2.15; codere_it:2.13,55.2
Lyon vs Le Havre,2025-12-14 09:00:00,Ligue 1,Doble Chance,X2,2.39,marathonbet,4,0.393,0.035,1.29,3.13,2.355,marathonbet:2.39; pinnacle:2.38; codere_it:2.33; betsson:2.32,55.03
Trabzonspor vs Besiktas JK,2025-12-14 12:00:00,Super League,Goles (Over/Under),Over 2.5,1.63,betsson,2,0.1925,0.01,0.62,6.39,1.62,betsson:1.63; codere_it:1.61,55.03
Sevilla vs Oviedo,2025-12-14 08:00:00,La Liga,Goles (Over/Under),Over 2.5,2.27,codere_it,2,0.3613,0.025,1.11,3.93,2.245,codere_it:2.27; betsson:2.22,54.94
Famalicão vs Estoril,2025-12-14 10:30:00,Primeira Liga,Doble Chance,X2,2.05,pinnacle,3,0.5083,0.05,1.78,4.23,2.0,pinnacle:2.05; betsson:1.98; marathonbet:1.97,54.7
Aberdeen vs Kilmarnock,2025-12-14 10:00:00,Premiership,Goles (Over/Under),Under 2.5,1.89,pinnacle,3,0.8947,0.0467,1.79,3.42,1.8433,pinnacle:1.89; codere_it:1.82; betsson:1.82,54.48
Albacete vs Málaga,2025-12-14 10:15:00,La Liga 2,Goles (Over/Under),Under 2.5,1.85,pinnacle,3,0.9663,0.07,2.79,3.56,1.78,pinnacle:1.85; betsson:1.75; codere_it:1.74,54.39
SC Freiburg vs Borussia Dortmund,2025-12-14 09:30:00,Bundesliga,Goles (Over/Under),Over 2.5,1.78,betsson,2,0.2887,0.015,0.85,5.68,1.765,betsson:1.78; codere_it:1.75,53.95
Austria Wien vs Sturm Graz,2025-12-14 11:00:00,Austrian Bundesliga,Doble Chance,X2,1.61,pinnacle,3,0.4578,0.0367,1.67,3.91,1.5733,pinnacle:1.61; betsson:1.56; codere_it:1.55,53.94
Elversberg vs Fortuna Düsseldorf,2025-12-14 07:30:00,Bundesliga 2,Doble Chance,X2,2.56,pinnacle,4,0.5443,0.1075,2.9,4.06,2.4525,pinnacle:2.56; codere_it:2.45; marathonbet:2.44; betsson:2.36,53.8
Udinese vs Napoli,2025-12-14 09:00:00,Serie A,Doble Chance,X2,1.22,pinnacle,4,0.279,0.015,0.93,3.62,1.205,pinnacle:1.22; marathonbet:1.21; betsson:1.2; codere_it:1.19,53.75
Trabzonspor vs Besiktas JK,2025-12-14 12:00:00,Super League,Doble Chance,X2,1.57,pinnacle,4,0.455,0.0425,1.69,4.0,1.5275,pinnacle:1.57; betsson:1.52; codere_it:1.52; marathonbet:1.5,53.67
Boulogne vs Troyes,2025-12-15 14:45:00,Ligue 2,Goles (Over/Under),Over 2.5,2.12,betsson,2,0.0034,0.01,0.47,8.9,2.11,betsson:2.12; codere_it:2.1,53.63
Schweinfurt vs TSV Havelse,2025-12-14 13:30:00,3. Liga,Doble Chance,X2,1.6,pinnacle,3,0.4834,0.0267,1.59,5.42,1.5733,pinnacle:1.6; betsson:1.58; codere_it:1.54,53.58
Crystal Palace vs Manchester City,2025-12-14 09:00:00,EPL,Doble Chance,X2,1.28,pinnacle,4,0.1102,0.0075,0.65,3.54,1.2725,pinnacle:1.28; betsson:1.28; marathonbet:1.27; codere_it:1.26,53.44
West Ham United vs Aston Villa,2025-12-14 09:00:00,EPL,Goles (Over/Under),Under 2.5,1.99,pinnacle,3,0.8291,0.0467,1.7,3.16,1.9433,pinnacle:1.99; codere_it:1.92; betsson:1.92,53.28
Ajax vs Feyenoord,2025-12-14 08:30:00,Eredivisie,Doble Chance,X2,1.42,pinnacle,4,0.4419,0.0325,1.72,3.96,1.3875,pinnacle:1.42; betsson:1.4; codere_it:1.37; marathonbet:1.36,53.22
AS Roma vs Como,2025-12-15 14:45:00,Serie A,Goles (Over/Under),Over 2.5,2.24,codere_it,2,0.3517,0.03,1.36,3.81,2.21,codere_it:2.24; betsson:2.18,53.15
Raków Częstochowa vs Zagłębie Lubin,2025-12-14 08:45:00,Ekstraklasa,Goles (Over/Under),Under 2.5,1.85,pinnacle,3,0.8163,0.0367,1.45,3.81,1.8133,pinnacle:1.85; betsson:1.8; codere_it:1.79,52.83
FC Basel vs FC Lausanne-Sport,2025-12-14 10:30:00,Swiss Superleague,Doble Chance,X2,2.22,pinnacle,4,0.4496,0.0475,1.82,4.27,2.1725,pinnacle:2.22; codere_it:2.2; marathonbet:2.15; betsson:2.12,52.77
Strasbourg vs Lorient,2025-12-14 11:15:00,Ligue 1,Doble Chance,X2,2.18,marathonbet,4,0.3758,0.05,1.72,3.06,2.13,marathonbet:2.18; pinnacle:2.15; codere_it:2.1; betsson:2.09,52.72
AS Roma vs Como,2025-12-15 14:45:00,Serie A,Doble Chance,X2,1.76,pinnacle,4,0.1977,0.0225,0.85,3.44,1.7375,pinnacle:1.76; codere_it:1.74; marathonbet:1.73; betsson:1.72,52.61
CD Castellón vs CD Mirandés,2025-12-15 14:30:00,La Liga 2,Goles (Over/Under),Over 2.5,1.68,betsson,2,0.1092,0.01,0.6,7.6,1.67,betsson:1.68; codere_it:1.66,52.57
BSC Young Boys vs FC Luzern,2025-12-14 08:00:00,Swiss Superleague,Doble Chance,X2,2.12,pinnacle,4,0.5105,0.0975,2.93,4.29,2.0225,pinnacle:2.12; marathonbet:2.01; codere_it:2.0; betsson:1.96,52.49
Aris Thessaloniki vs Olympiakos Piraeus,2025-12-14 13:00:00,Super League,Goles (Over/Under),Over 2.5,2.03,betsson,2,0.4419,0.04,2.01,4.82,1.99,betsson:2.03; codere_it:1.95,52.38
Almería vs Burgos CF,2025-12-14 12:30:00,La Liga 2,Goles (Over/Under),Under 2.5,1.62,betsson,2,0.0498,0.005,0.31,8.24,1.615,betsson:1.62; codere_it:1.61,52.38
Panathinaikos vs Volos FC,2025-12-14 14:00:00,Super League,Goles (Over/Under),Over 2.5,1.73,betsson,2,0.4205,0.03,1.76,4.97,1.7,betsson:1.73; codere_it:1.67,52.32
Wehen Wiesbaden vs FC Energie Cottbus,2025-12-14 07:30:00,3. Liga,Doble Chance,X2,1.54,pinnacle,3,0.4981,0.0467,2.28,5.3,1.4933,pinnacle:1.54; betsson:1.48; codere_it:1.46,52.2
FC Lugano vs Servette,2025-12-14 10:30:00,Swiss Superleague,Goles (Over/Under),Over 2.5,1.68,betsson,2,0.0934,0.01,0.6,7.6,1.67,betsson:1.68; codere_it:1.66,52.1
Samsunspor vs Basaksehir,2025-12-14 12:00:00,Super League,Goles (Over/Under),Under 2.5,1.99,pinnacle,3,0.8401,0.0533,2.12,3.44,1.9367,pinnacle:1.99; betsson:1.93; codere_it:1.89,51.93
Jahn Regensburg vs Waldhof Mannheim,2025-12-14 10:30:00,3. Liga,Doble Chance,X2,1.5,pinnacle,3,0.4647,0.0367,1.96,5.38,1.4633,pinnacle:1.5; betsson:1.46; codere_it:1.43,51.86
Atromitos Athens vs PAOK Thessaloniki,2025-12-14 11:00:00,Super League,Goles (Over/Under),Over 2.5,1.81,betsson,2,0.396,0.03,1.69,5.0,1.78,betsson:1.81; codere_it:1.75,51.8
Arouca vs Alverca,2025-12-14 15:30:00,Primeira Liga,Doble Chance,X2,1.41,pinnacle,3,0.25,0.0167,0.9,5.0,1.3933,pinnacle:1.41; marathonbet:1.39; betsson:1.38,51.71
Sparta Rotterdam vs Heerenveen,2025-12-14 06:15:00,Eredivisie,Doble Chance,X2,1.44,pinnacle,4,0.415,0.0325,2.03,4.0,1.4075,pinnacle:1.44; betsson:1.43; codere_it:1.39; marathonbet:1.37,51.48
Atromitos Athens vs PAOK Thessaloniki,2025-12-14 11:00:00,Super League,Doble Chance,X2,1.1,pinnacle,3,0.3972,0.0167,1.57,4.96,1.0833,pinnacle:1.1; betsson:1.09; codere_it:1.06,51.42
Crystal Palace vs Manchester City,2025-12-14 09:00:00,EPL,Goles (Over/Under),Over 2.5,1.68,betsson,2,0.3936,0.03,1.82,4.98,1.65,betsson:1.68; codere_it:1.62,51.32
Werder Bremen vs VfB Stuttgart,2025-12-14 13:30:00,Bundesliga,Doble Chance,X2,1.45,pinnacle,4,0.2738,0.0175,1.25,3.36,1.4325,pinnacle:1.45; marathonbet:1.45; codere_it:1.42; betsson:1.41,51.27
Motor Lublin vs Jagiellonia Białystok,2025-12-14 11:30:00,Ekstraklasa,Goles (Over/Under),Over 2.5,1.65,betsson,2,0.0758,0.01,0.61,7.78,1.64,betsson:1.65; codere_it:1.63,51.24
Genk vs Westerlo,2025-12-14 13:15:00,Belgium First Div,Doble Chance,X2,2.15,pinnacle,3,0.3826,0.03,1.68,4.26,2.12,pinnacle:2.15; marathonbet:2.14; betsson:2.07,51.23
Nacional vs Tondela,2025-12-15 12:30:00,Primeira Liga,Doble Chance,X2,1.59,pinnacle,3,0.3287,0.0267,1.21,4.99,1.5633,pinnacle:1.59; betsson:1.55; marathonbet:1.55,51.23
Genoa vs Inter Milan,2025-12-14 12:00:00,Serie A,Goles (Over/Under),Under 2.5,1.85,pinnacle,3,0.456,0.0133,0.68,3.07,1.8367,pinnacle:1.85; codere_it:1.84; betsson:1.82,51.1
Wehen Wiesbaden vs FC Energie Cottbus,2025-12-14 07:30:00,3. Liga,Goles (Over/Under),Over 2.5,1.58,betsson,2,0.0904,0.01,0.64,7.74,1.57,betsson:1.58; codere_it:1.56,50.92
Gazişehir Gaziantep vs Goztepe,2025-12-14 06:30:00,Super League,Goles (Over/Under),Under 2.5,1.91,pinnacle,3,0.8343,0.0667,2.71,3.38,1.8433,pinnacle:1.91; betsson:1.83; codere_it:1.79,50.84
Boulogne vs Troyes,2025-12-15 14:45:00,Ligue 2,Goles (Over/Under),Under 2.5,1.63,codere_it,2,-0.0045,0.005,0.31,8.97,1.625,codere_it:1.63; betsson:1.62,50.55
Rangers vs Hibernian,2025-12-15 14:45:00,Premiership,Doble Chance,X2,1.92,pinnacle,4,0.4068,0.0475,1.86,5.26,1.8725,pinnacle:1.92; marathonbet:1.89; betsson:1.85; codere_it:1.83,50.48
Boulogne vs Troyes,2025-12-15 14:45:00,Ligue 2,Doble Chance,X2,1.26,pinnacle,4,0.3759,0.0275,1.56,5.64,1.2325,pinnacle:1.26; marathonbet:1.24; betsson:1.22; codere_it:1.21,50.33
Bologna vs Juventus,2025-12-14 14:45:00,Serie A,Goles (Over/Under),Over 2.5,2.18,betsson,2,0.2114,0.02,0.93,6.48,2.16,betsson:2.18; codere_it:2.14,50.18
Dender vs Club Brugge,2025-12-14 10:00:00,Belgium First Div,Doble Chance,X2,1.19,pinnacle,3,0.3797,0.0267,2.14,4.24,1.1633,pinnacle:1.19; betsson:1.17; marathonbet:1.13,49.88
Brentford vs Leeds United,2025-12-14 11:30:00,EPL,Doble Chance,X2,1.85,pinnacle,4,0.142,0.01,0.94,3.45,1.84,pinnacle:1.85; marathonbet:1.85; betsson:1.85; codere_it:1.81,49.8
Toluca vs Tigres,2025-12-14 20:00:00,Liga MX,Doble Chance,X2,1.87,pinnacle,3,0.3642,0.0467,1.86,5.19,1.8233,pinnacle:1.87; marathonbet:1.81; betsson:1.79,49.26
Marseille vs AS Monaco,2025-12-14 14:45:00,Ligue 1,Doble Chance,X2,2.0,marathonbet,4,0.2947,0.0525,2.0,3.19,1.9475,marathonbet:2.0; pinnacle:1.97; betsson:1.91; codere_it:1.91,49.21
FC Zwolle vs Fortuna Sittard,2025-12-13 15:00:00,Eredivisie,Goles (Over/Under),Over 2.5,1.69,betsson,2,-0.029,0.01,0.6,6.56,1.68,betsson:1.69; codere_it:1.67,48.85
Werder Bremen vs VfB Stuttgart,2025-12-14 13:30:00,Bundesliga,Goles (Over/Under),Under 3.5,1.58,betsson,2,0.2003,0.01,0.64,6.39,1.57,betsson:1.58; codere_it:1.56,48.76
Legia Warszawa vs Piast Gliwice,2025-12-14 14:15:00,Ekstraklasa,Goles (Over/Under),Over 2.5,1.98,betsson,2,0.0941,0.015,0.76,7.65,1.965,betsson:1.98; codere_it:1.95,48.6
Sevilla vs Oviedo,2025-12-14 08:00:00,La Liga,Doble Chance,X2,1.87,marathonbet,4,0.2635,0.0425,1.99,3.15,1.8275,marathonbet:1.87; pinnacle:1.84; codere_it:1.83; betsson:1.77,48.38
Aris Thessaloniki vs Olympiakos Piraeus,2025-12-14 13:00:00,Super League,Doble Chance,X2,1.09,betsson,3,0.2244,0.0133,1.16,5.66,1.0767,betsson:1.09; pinnacle:1.08; codere_it:1.06,47.99
Fiorentina vs Hellas Verona,2025-12-14 09:00:00,Serie A,Goles (Over/Under),Over 2.5,2.22,betsson,2,0.3221,0.05,2.3,5.65,2.17,betsson:2.22; codere_it:2.12,47.55
Levante vs Villarreal,2025-12-14 12:30:00,La Liga,Doble Chance,X2,1.23,pinnacle,4,0.1172,0.0125,1.07,3.67,1.2175,pinnacle:1.23; marathonbet:1.23; codere_it:1.21; betsson:1.2,47.41
Carrarese vs Virtus Entella,2025-12-14 09:00:00,Serie B,Doble Chance,X2,1.52,codere_it,4,0.264,0.025,1.67,4.81,1.495,codere_it:1.52; pinnacle:1.52; marathonbet:1.47; betsson:1.47,47.17
Auxerre vs Lille,2025-12-14 11:15:00,Ligue 1,Goles (Over/Under),Under 2.5,1.93,pinnacle,3,0.6113,0.03,1.87,2.83,1.9,pinnacle:1.93; codere_it:1.92; betsson:1.85,46.95
Fiorentina vs Hellas Verona,2025-12-14 09:00:00,Serie A,Doble Chance,X2,1.95,marathonbet,4,0.1302,0.0275,1.18,3.84,1.9225,marathonbet:1.95; pinnacle:1.94; codere_it:1.9; betsson:1.9,46.69
FC Blau-Weiß Linz vs Rapid Wien,2025-12-14 08:30:00,Austrian Bundesliga,Goles (Over/Under),Under 2.5,1.85,pinnacle,3,0.6024,0.0333,1.58,3.32,1.8167,pinnacle:1.85; codere_it:1.82; betsson:1.78,46.63
Panathinaikos vs Volos FC,2025-12-14 14:00:00,Super League,Doble Chance,X2,3.46,pinnacle,3,0.3881,0.2,5.01,5.23,3.26,pinnacle:3.46; betsson:3.26; codere_it:3.06,46.56
Celta Vigo vs Athletic Bilbao,2025-12-14 10:15:00,La Liga,Goles (Over/Under),Over 2.5,2.12,betsson,2,0.1659,0.025,1.19,6.69,2.095,betsson:2.12; codere_it:2.07,46.37
Sporting Lisbon vs AVS Futebol SAD,2025-12-13 15:30:00,Primeira Liga,Goles (Over/Under),Under 3.5,1.82,pinnacle,2,0.4086,0.035,1.96,4.21,1.785,pinnacle:1.82; betsson:1.75,46.11
Brentford vs Leeds United,2025-12-14 11:30:00,EPL,Goles (Over/Under),Under 2.5,1.97,pinnacle,3,0.4437,0.0267,1.06,2.84,1.9433,pinnacle:1.97; codere_it:1.94; betsson:1.92,45.99
Paris FC vs Toulouse,2025-12-13 15:05:00,Ligue 1,Goles (Over/Under),Over 2.5,2.12,betsson,2,0.2638,0.045,2.17,5.99,2.075,betsson:2.12; codere_it:2.03,45.86
Schweinfurt vs TSV Havelse,2025-12-14 13:30:00,3. Liga,Goles (Over/Under),Under 3.5,1.6,betsson,2,0.106,0.01,0.63,7.55,1.59,betsson:1.6; codere_it:1.58,45.7
AC Milan vs Sassuolo,2025-12-14 06:30:00,Serie A,Doble Chance,X2,2.93,pinnacle,4,0.1232,0.05,1.28,4.06,2.88,pinnacle:2.93; marathonbet:2.9; betsson:2.85; codere_it:2.84,45.53
Panetolikos Agrinio vs AEK Athens,2025-12-14 10:30:00,Super League,Goles (Over/Under),Over 2.5,1.97,betsson,3,0.1663,0.0233,1.7,5.11,1.9467,betsson:1.97; pinnacle:1.97; codere_it:1.9,44.79
CD Castellón vs CD Mirandés,2025-12-15 14:30:00,La Liga 2,Doble Chance,X2,2.77,pinnacle,4,0.2876,0.105,2.71,5.98,2.665,pinnacle:2.77; marathonbet:2.68; betsson:2.64; codere_it:2.57,44.76
Carrarese vs Virtus Entella,2025-12-14 09:00:00,Serie B,Goles (Over/Under),Over 2.5,2.15,betsson,2,0.0534,0.02,0.94,8.24,2.13,betsson:2.15; codere_it:2.11,44.67
Panetolikos Agrinio vs AEK Athens,2025-12-14 10:30:00,Super League,Doble Chance,X2,1.07,betsson,3,0.1973,0.0167,1.61,5.88,1.0533,betsson:1.07; pinnacle:1.06; codere_it:1.03,44.63
Braga vs Santa Clara,2025-12-15 13:45:00,Primeira Liga,Doble Chance,X2,2.59,pinnacle,3,0.1548,0.05,1.4,5.75,2.54,pinnacle:2.59; marathonbet:2.52; betsson:2.51,44.37
RC Lens vs Nice,2025-12-14 11:15:00,Ligue 1,Doble Chance,X2,2.82,pinnacle,4,0.1069,0.0475,1.45,3.93,2.7725,pinnacle:2.82; betsson:2.79; marathonbet:2.77; codere_it:2.71,44.29
Levante vs Villarreal,2025-12-14 12:30:00,La Liga,Goles (Over/Under),Over 2.5,1.57,codere_it,2,-0.1259,0.01,0.64,8.74,1.56,codere_it:1.57; betsson:1.55,44.14
Austria Wien vs Sturm Graz,2025-12-14 11:00:00,Austrian Bundesliga,Goles (Over/Under),Under 2.5,1.93,pinnacle,3,0.562,0.03,1.87,3.63,1.9,pinnacle:1.93; codere_it:1.92; betsson:1.85,43.92
Moreirense FC vs Benfica,2025-12-14 13:00:00,Primeira Liga,Goles (Over/Under),Under 2.5,2.04,pinnacle,2,0.4926,0.03,1.49,3.37,2.01,pinnacle:2.04; betsson:1.98,43.62
Arsenal vs Wolverhampton Wanderers,2025-12-13 15:00:00,EPL,Goles (Over/Under),Under 3.5,1.68,betsson,2,0.3241,0.03,1.82,5.4,1.65,betsson:1.68; codere_it:1.62,42.92
FC Basel vs FC Lausanne-Sport,2025-12-14 10:30:00,Swiss Superleague,Goles (Over/Under),Over 3.5,2.0,pinnacle,3,1.1191,0.1033,3.86,3.19,1.8967,pinnacle:2.0; betsson:1.85; codere_it:1.84,42.43
Motor Lublin vs Jagiellonia Białystok,2025-12-14 11:30:00,Ekstraklasa,Goles (Over/Under),Under 2.5,2.12,betsson,2,0.0758,0.01,0.47,7.78,2.11,betsson:2.12; codere_it:2.1,42.32
Famalicão vs Estoril,2025-12-14 10:30:00,Primeira Liga,Goles (Over/Under),Under 2.5,2.0,pinnacle,2,0.5086,0.04,2.04,3.48,1.96,pinnacle:2.0; betsson:1.92,42.11
Gent vs Royal Antwerp,2025-12-14 07:30:00,Belgium First Div,Goles (Over/Under),Under 2.5,1.99,pinnacle,2,0.4012,0.025,1.27,3.44,1.965,pinnacle:1.99; betsson:1.94,41.92
AC Milan vs Sassuolo,2025-12-14 06:30:00,Serie A,Goles (Over/Under),Under 2.5,1.98,pinnacle,3,0.4076,0.02,1.44,3.14,1.96,pinnacle:1.98; codere_it:1.98; betsson:1.92,41.74
Marseille vs AS Monaco,2025-12-14 14:45:00,Ligue 1,Doble Chance,1X,1.29,pinnacle,4,0.2147,0.0075,0.34,3.4,1.2825,pinnacle:1.29; betsson:1.28; codere_it:1.28; marathonbet:1.28,41.74
Wellington Phoenix FC vs Newcastle Jets FC,2025-12-13 21:00:00,A-League,Doble Chance,1X,1.61,pinnacle,4,1.081,0.08,3.49,3.21,1.53,pinnacle:1.61; betsson:1.53; marathonbet:1.52; codere_it:1.46,41.53
Gazişehir Gaziantep vs Goztepe,2025-12-14 06:30:00,Super League,Doble Chance,X2,1.39,codere_it,4,-0.0135,0.015,1.09,5.94,1.375,codere_it:1.39; pinnacle:1.39; betsson:1.36; marathonbet:1.36,41.24
Deportivo La Coruña vs Real Sociedad B,2025-12-13 15:00:00,La Liga 2,Doble Chance,1X,1.12,pinnacle,4,0.9945,0.03,1.72,3.61,1.09,pinnacle:1.12; betsson:1.09; marathonbet:1.08; codere_it:1.07,41.19
Marseille vs AS Monaco,2025-12-14 14:45:00,Ligue 1,Goles (Over/Under),Under 3.5,1.65,betsson,2,0.1991,0.02,1.23,6.48,1.63,betsson:1.65; codere_it:1.61,41.19
Toluca vs Tigres,2025-12-14 20:00:00,Liga MX,Doble Chance,1X,1.24,pinnacle,3,0.3642,0.0067,0.38,5.19,1.2333,pinnacle:1.24; betsson:1.23; marathonbet:1.23,41.1
SV Darmstadt 98 vs SC Preußen Münster,2025-12-14 07:30:00,Bundesliga 2,Goles (Over/Under),Under 2.5,2.18,betsson,2,0.0251,0.01,0.46,8.37,2.17,betsson:2.18; codere_it:2.16,41.08
Panetolikos Agrinio vs AEK Athens,2025-12-14 10:30:00,Super League,Goles (Over/Under),Under 2.5,1.88,pinnacle,3,0.5089,0.0467,2.24,3.95,1.8333,pinnacle:1.88; betsson:1.84; codere_it:1.78,40.99
Wellington Phoenix FC vs Newcastle Jets FC,2025-12-13 21:00:00,A-League,Goles (Over/Under),Over 3.5,2.13,codere_it,2,-0.1212,0.005,0.24,7.92,2.125,codere_it:2.13; betsson:2.12,40.56
AS Roma vs Como,2025-12-15 14:45:00,Serie A,Goles (Over/Under),Under 2.5,1.69,codere_it,2,0.3517,0.02,1.2,3.81,1.67,codere_it:1.69; betsson:1.65,40.33
RB Salzburg vs Wolfsberger AC,2025-12-14 08:30:00,Austrian Bundesliga,Goles (Over/Under),Over 2.5,1.68,betsson,2,-0.1145,0.015,0.9,7.6,1.665,betsson:1.68; codere_it:1.65,40.31
Charleroi vs Union Saint-Gilloise,2025-12-14 12:30:00,Belgium First Div,Goles (Over/Under),Under 2.5,1.84,pinnacle,2,0.4392,0.04,2.22,3.37,1.8,pinnacle:1.84; betsson:1.76,39.82
Sunderland vs Newcastle United,2025-12-14 09:00:00,EPL,Goles (Over/Under),Under 2.5,1.85,pinnacle,3,0.3675,0.0233,1.81,2.83,1.8267,pinnacle:1.85; codere_it:1.85; betsson:1.78,39.82
Legia Warszawa vs Piast Gliwice,2025-12-14 14:15:00,Ekstraklasa,Goles (Over/Under),Under 2.5,1.75,betsson,2,0.0941,0.01,0.57,7.65,1.74,betsson:1.75; codere_it:1.73,39.18
Sparta Rotterdam vs Heerenveen,2025-12-14 06:15:00,Eredivisie,Goles (Over/Under),Under 3.5,1.59,codere_it,2,0.04,0.015,0.95,6.0,1.575,codere_it:1.59; betsson:1.56,39.06
BSC Young Boys vs FC Luzern,2025-12-14 08:00:00,Swiss Superleague,Goles (Over/Under),Under 3.5,1.72,codere_it,2,0.1109,0.02,1.18,6.22,1.7,codere_it:1.72; betsson:1.68,39.02
Zaragoza vs Cádiz CF,2025-12-13 15:00:00,La Liga 2,Doble Chance,1X,1.29,pinnacle,3,0.9003,0.0267,1.63,3.41,1.2633,pinnacle:1.29; marathonbet:1.26; betsson:1.24,39.01
Sevilla vs Oviedo,2025-12-14 08:00:00,La Liga,Goles (Over/Under),Under 2.5,1.67,codere_it,2,0.3613,0.025,1.52,3.93,1.645,codere_it:1.67; betsson:1.62,38.71
Paris FC vs Toulouse,2025-12-13 15:05:00,Ligue 1,Goles (Over/Under),Under 2.5,1.7,betsson,2,0.2638,0.015,0.89,5.99,1.685,betsson:1.7; codere_it:1.67,38.69
Albacete vs Málaga,2025-12-14 10:15:00,La Liga 2,Doble Chance,1X,1.25,pinnacle,4,0.8354,0.02,1.15,4.07,1.23,pinnacle:1.25; betsson:1.23; marathonbet:1.23; codere_it:1.21,38.67
Aris Thessaloniki vs Olympiakos Piraeus,2025-12-14 13:00:00,Super League,Goles (Over/Under),Under 2.5,1.8,betsson,2,0.4419,0.035,1.98,4.82,1.765,betsson:1.8; codere_it:1.73,38.66
Fenerbahce vs Torku Konyaspor,2025-12-15 12:00:00,Super League,Doble Chance,X2,4.12,betsson,4,0.1522,0.355,7.03,6.24,3.765,betsson:4.12; pinnacle:3.92; codere_it:3.51; marathonbet:3.51,38.29
FC Twente Enschede vs Go Ahead Eagles,2025-12-14 08:30:00,Eredivisie,Doble Chance,X2,3.1,betsson,4,0.0821,0.1625,3.69,5.24,2.9375,betsson:3.1; codere_it:2.95; pinnacle:2.9; marathonbet:2.8,38.09
Strasbourg vs Lorient,2025-12-14 11:15:00,Ligue 1,Doble Chance,1X,1.21,pinnacle,4,0.1534,0.0025,0.36,3.65,1.2075,pinnacle:1.21; betsson:1.21; marathonbet:1.21; codere_it:1.2,37.86
Wellington Phoenix FC vs Newcastle Jets FC,2025-12-13 21:00:00,A-League,Goles (Over/Under),Under 3.5,1.7,betsson,2,0.1619,0.03,1.8,5.99,1.67,betsson:1.7; codere_it:1.64,37.75
Fiorentina vs Hellas Verona,2025-12-14 09:00:00,Serie A,Goles (Over/Under),Under 2.5,1.65,betsson,2,0.3221,0.02,1.23,5.65,1.63,betsson:1.65; codere_it:1.61,37.53
Panathinaikos vs Volos FC,2025-12-14 14:00:00,Super League,Goles (Over/Under),Under 2.5,2.12,betsson,2,0.4205,0.045,2.17,4.97,2.075,betsson:2.12; codere_it:2.03,37.45
Crystal Palace vs Manchester City,2025-12-14 09:00:00,EPL,Goles (Over/Under),Under 2.5,2.2,betsson,2,0.3936,0.04,1.85,4.98,2.16,betsson:2.2; codere_it:2.12,37.43
Atromitos Athens vs PAOK Thessaloniki,2025-12-14 11:00:00,Super League,Goles (Over/Under),Under 2.5,2.01,betsson,2,0.396,0.04,2.03,5.0,1.97,betsson:2.01; codere_it:1.93,37.01
Wehen Wiesbaden vs FC Energie Cottbus,2025-12-14 07:30:00,3. Liga,Goles (Over/Under),Under 2.5,2.25,betsson,2,0.0904,0.015,0.67,7.74,2.235,betsson:2.25; codere_it:2.22,36.42
Falkirk F.C. vs Hearts,2025-12-13 15:00:00,Premiership,Doble Chance,1X,2.05,pinnacle,4,0.9315,0.1075,3.59,3.65,1.9425,pinnacle:2.05; marathonbet:1.95; betsson:1.91; codere_it:1.86,36.21
FC Twente Enschede vs Go Ahead Eagles,2025-12-14 08:30:00,Eredivisie,Goles (Over/Under),Under 3.5,1.65,codere_it,2,0.0248,0.02,1.23,6.06,1.63,codere_it:1.65; betsson:1.61,36.17
Udinese vs Napoli,2025-12-14 09:00:00,Serie A,Goles (Over/Under),Under 2.5,1.62,codere_it,2,0.3342,0.035,2.21,3.92,1.585,codere_it:1.62; betsson:1.55,35.85
FC Lugano vs Servette,2025-12-14 10:30:00,Swiss Superleague,Goles (Over/Under),Under 2.5,2.08,betsson,2,0.0934,0.015,0.73,7.6,2.065,betsson:2.08; codere_it:2.05,35.33
Celta Vigo vs Athletic Bilbao,2025-12-14 10:15:00,La Liga,Goles (Over/Under),Under 2.5,1.68,betsson,2,0.1659,0.015,0.9,6.69,1.665,betsson:1.68; codere_it:1.65,35.28
Almería vs Burgos CF,2025-12-14 12:30:00,La Liga 2,Doble Chance,1X,1.2,pinnacle,4,0.8129,0.04,2.02,4.17,1.16,pinnacle:1.2; marathonbet:1.15; betsson:1.15; codere_it:1.14,34.13
FC Zwolle vs Fortuna Sittard,2025-12-13 15:00:00,Eredivisie,Doble Chance,1X,1.5,pinnacle,4,0.6557,0.03,1.27,3.34,1.47,pinnacle:1.5; betsson:1.47; codere_it:1.46; marathonbet:1.45,33.53
Samsunspor vs Basaksehir,2025-12-14 12:00:00,Super League,Doble Chance,1X,1.33,pinnacle,4,0.5393,0.0125,0.83,3.82,1.3175,pinnacle:1.33; betsson:1.32; codere_it:1.32; marathonbet:1.3,33.46
Celta Vigo vs Athletic Bilbao,2025-12-14 10:15:00,La Liga,Doble Chance,1X,1.5,pinnacle,4,0.295,0.0125,0.56,3.22,1.4875,pinnacle:1.5; marathonbet:1.49; codere_it:1.48; betsson:1.48,32.92
SC Freiburg vs Borussia Dortmund,2025-12-14 09:30:00,Bundesliga,Goles (Over/Under),Under 2.5,2.02,betsson,2,0.2887,0.045,2.28,5.68,1.975,betsson:2.02; codere_it:1.93,32.77
CD Castellón vs CD Mirandés,2025-12-15 14:30:00,La Liga 2,Goles (Over/Under),Under 2.5,2.08,betsson,2,0.1092,0.02,0.97,7.6,2.06,betsson:2.08; codere_it:2.04,32.42
Fiorentina vs Hellas Verona,2025-12-14 09:00:00,Serie A,Doble Chance,1X,1.24,pinnacle,4,0.2917,0.01,0.57,3.36,1.23,pinnacle:1.24; betsson:1.23; marathonbet:1.23; codere_it:1.22,32.25
Bologna vs Juventus,2025-12-14 14:45:00,Serie A,Goles (Over/Under),Under 2.5,1.65,betsson,2,0.2114,0.025,1.54,6.48,1.625,betsson:1.65; codere_it:1.6,32.12
Lyon vs Le Havre,2025-12-14 09:00:00,Ligue 1,Doble Chance,1X,1.17,marathonbet,4,0.393,0.0125,0.72,3.13,1.1575,marathonbet:1.17; pinnacle:1.16; betsson:1.15; codere_it:1.15,32.07
SV Darmstadt 98 vs SC Preußen Münster,2025-12-14 07:30:00,Bundesliga 2,Goles (Over/Under),Over 2.5,1.6,codere_it,2,-0.025,0.0,0.0,8.8,1.6,codere_it:1.6; betsson:1.6,31.52
Motor Lublin vs Jagiellonia Białystok,2025-12-14 11:30:00,Ekstraklasa,Doble Chance,1X,1.52,pinnacle,4,0.7687,0.0575,2.48,4.54,1.4625,pinnacle:1.52; marathonbet:1.46; betsson:1.45; codere_it:1.42,31.5
Aberdeen vs Kilmarnock,2025-12-14 10:00:00,Premiership,Doble Chance,1X,1.21,pinnacle,4,0.642,0.02,1.33,4.33,1.19,pinnacle:1.21; betsson:1.2; marathonbet:1.18; codere_it:1.17,31.4
RB Salzburg vs Wolfsberger AC,2025-12-14 08:30:00,Austrian Bundesliga,Doble Chance,1X,1.24,pinnacle,3,0.7045,0.03,1.79,4.4,1.21,pinnacle:1.24; codere_it:1.2; betsson:1.19,31.27
Legia Warszawa vs Piast Gliwice,2025-12-14 14:15:00,Ekstraklasa,Doble Chance,1X,1.29,pinnacle,4,0.7574,0.0525,2.52,4.41,1.2375,pinnacle:1.29; betsson:1.23; marathonbet:1.22; codere_it:1.21,31.23
Fatih Karagümrük vs Kocaelispor,2025-12-14 09:00:00,Super League,Goles (Over/Under),Under 2.5,1.72,betsson,2,0.2,0.03,1.78,6.45,1.69,betsson:1.72; codere_it:1.66,30.92
Braga vs Santa Clara,2025-12-15 13:45:00,Primeira Liga,Doble Chance,1X,1.08,pinnacle,3,0.1548,0.0033,0.44,5.75,1.0767,pinnacle:1.08; betsson:1.08; marathonbet:1.07,30.85
Gent vs Royal Antwerp,2025-12-14 07:30:00,Belgium First Div,Doble Chance,1X,1.35,pinnacle,3,0.5037,0.0167,0.94,4.01,1.3333,pinnacle:1.35; betsson:1.33; marathonbet:1.32,30.74
Trabzonspor vs Besiktas JK,2025-12-14 12:00:00,Super League,Goles (Over/Under),Under 2.5,2.22,betsson,2,0.1925,0.04,1.83,6.39,2.18,betsson:2.22; codere_it:2.14,30.57
FC Schalke 04 vs 1. FC Nürnberg,2025-12-14 07:30:00,Bundesliga 2,Doble Chance,1X,1.22,pinnacle,4,0.6496,0.03,1.78,3.91,1.19,pinnacle:1.22; codere_it:1.2; betsson:1.17; marathonbet:1.17,30.22
FC Lugano vs Servette,2025-12-14 10:30:00,Swiss Superleague,Doble Chance,1X,1.38,pinnacle,4,0.625,0.035,1.7,3.92,1.345,pinnacle:1.38; codere_it:1.35; marathonbet:1.33; betsson:1.32,29.73
Rangers vs Hibernian,2025-12-15 14:45:00,Premiership,Goles (Over/Under),Under 2.5,1.98,betsson,2,0.1632,0.035,1.8,6.68,1.945,betsson:1.98; codere_it:1.91,29.65
AD Ceuta FC vs Las Palmas,2025-12-14 15:00:00,La Liga 2,Doble Chance,1X,1.52,pinnacle,4,0.6184,0.0325,1.46,4.77,1.4875,pinnacle:1.52; marathonbet:1.49; betsson:1.48; codere_it:1.46,29.59
Raków Częstochowa vs Zagłębie Lubin,2025-12-14 08:45:00,Ekstraklasa,Doble Chance,1X,1.13,pinnacle,4,0.5172,0.015,1.0,4.93,1.115,pinnacle:1.13; betsson:1.12; marathonbet:1.11; codere_it:1.1,29.57
Pescara vs Frosinone,2025-12-14 11:15:00,Serie B,Goles (Over/Under),Under 2.5,2.12,codere_it,2,0.1352,0.035,1.68,5.99,2.085,codere_it:2.12; betsson:2.05,29.55
BSC Young Boys vs FC Luzern,2025-12-14 08:00:00,Swiss Superleague,Doble Chance,1X,1.25,pinnacle,4,0.5105,0.0175,1.05,4.29,1.2325,pinnacle:1.25; codere_it:1.24; marathonbet:1.22; betsson:1.22,29.5
Alavés vs Real Madrid,2025-12-14 15:00:00,La Liga,Goles (Over/Under),Under 2.5,2.02,betsson,2,0.1774,0.04,2.02,6.65,1.98,betsson:2.02; codere_it:1.94,29.48
Pescara vs Frosinone,2025-12-14 11:15:00,Serie B,Goles (Over/Under),Over 2.5,1.7,betsson,2,-0.1053,0.0,0.0,7.6,1.7,betsson:1.7; codere_it:1.7,29.47
Racing Club vs Estudiantes,2025-12-13 19:00:00,Primera División,Doble Chance,1X,1.44,pinnacle,3,0.5888,0.0233,1.85,3.21,1.4167,pinnacle:1.44; betsson:1.43; marathonbet:1.38,29.3
FC Zwolle vs Fortuna Sittard,2025-12-13 15:00:00,Eredivisie,Goles (Over/Under),Under 2.5,2.16,codere_it,2,0.0307,0.025,1.17,6.18,2.135,codere_it:2.16; betsson:2.11,28.9
Getafe vs Espanyol,2025-12-13 15:00:00,La Liga,Doble Chance,1X,1.39,pinnacle,4,0.4539,0.0225,1.31,2.71,1.3675,pinnacle:1.39; marathonbet:1.38; codere_it:1.35; betsson:1.35,28.63
Sevilla vs Oviedo,2025-12-14 08:00:00,La Liga,Doble Chance,1X,1.26,betsson,4,-0.1422,0.0075,0.35,4.64,1.2525,betsson:1.26; pinnacle:1.25; codere_it:1.25; marathonbet:1.25,28.62
NAC Breda vs FC Utrecht,2025-12-14 10:45:00,Eredivisie,Doble Chance,1X,1.53,pinnacle,4,0.4425,0.0175,0.98,3.91,1.5125,pinnacle:1.53; betsson:1.52; codere_it:1.51; marathonbet:1.49,28.59
Elversberg vs Fortuna Düsseldorf,2025-12-14 07:30:00,Bundesliga 2,Doble Chance,1X,1.16,pinnacle,4,0.5443,0.02,1.39,4.06,1.14,pinnacle:1.16; codere_it:1.15; betsson:1.13; marathonbet:1.12,28.45
Famalicão vs Estoril,2025-12-14 10:30:00,Primeira Liga,Doble Chance,1X,1.22,pinnacle,3,0.5083,0.02,1.18,4.23,1.2,pinnacle:1.22; marathonbet:1.19; betsson:1.19,28.45
Paris FC vs Toulouse,2025-12-13 15:05:00,Ligue 1,Doble Chance,1X,1.5,pinnacle,4,0.4349,0.02,1.26,2.69,1.48,pinnacle:1.5; marathonbet:1.49; codere_it:1.48; betsson:1.45,28.42
Getafe vs Espanyol,2025-12-13 15:00:00,La Liga,Goles (Over/Under),Over 1.5,1.78,codere_it,2,0.3737,0.015,0.85,3.8,1.765,codere_it:1.78; betsson:1.75,28.24
Bologna vs Juventus,2025-12-14 14:45:00,Serie A,Doble Chance,1X,1.54,pinnacle,4,0.2107,0.01,0.65,3.37,1.53,pinnacle:1.54; marathonbet:1.54; codere_it:1.52; betsson:1.52,27.64
Trabzonspor vs Besiktas JK,2025-12-14 12:00:00,Super League,Doble Chance,1X,1.5,pinnacle,4,0.455,0.025,1.12,4.0,1.475,pinnacle:1.5; codere_it:1.48; betsson:1.46; marathonbet:1.46,27.58
FC Basel vs FC Lausanne-Sport,2025-12-14 10:30:00,Swiss Superleague,Doble Chance,1X,1.22,pinnacle,4,0.4496,0.0175,1.08,4.27,1.2025,pinnacle:1.22; codere_it:1.21; betsson:1.19; marathonbet:1.19,27.43
RB Salzburg vs Wolfsberger AC,2025-12-14 08:30:00,Austrian Bundesliga,Goles (Over/Under),Under 2.5,2.21,codere_it,2,0.1504,0.065,3.03,5.85,2.145,codere_it:2.21; betsson:2.08,27.43
Levante vs Villarreal,2025-12-14 12:30:00,La Liga,Goles (Over/Under),Under 2.5,2.38,betsson,2,0.17,0.08,3.48,6.53,2.3,betsson:2.38; codere_it:2.22,27.24
Ajax vs Feyenoord,2025-12-14 08:30:00,Eredivisie,Goles (Over/Under),Under 3.5,1.64,codere_it,2,0.0,0.0,0.0,6.22,1.64,codere_it:1.64; betsson:1.64,27.22
Gazişehir Gaziantep vs Goztepe,2025-12-14 06:30:00,Super League,Doble Chance,1X,1.62,pinnacle,4,0.4987,0.0375,1.44,3.91,1.5825,pinnacle:1.62; betsson:1.58; codere_it:1.57; marathonbet:1.56,27.02
Bayern Munich vs FSV Mainz 05,2025-12-14 11:30:00,Bundesliga,Goles (Over/Under),Over 4.5,2.31,codere_it,2,0.2154,0.015,0.65,3.9,2.295,codere_it:2.31; betsson:2.28,26.97
Nottingham Forest vs Tottenham Hotspur,2025-12-14 09:00:00,EPL,Doble Chance,1X,1.47,marathonbet,4,0.2476,0.015,0.77,3.19,1.455,marathonbet:1.47; pinnacle:1.46; codere_it:1.45; betsson:1.44,26.68
Fatih Karagümrük vs Kocaelispor,2025-12-14 09:00:00,Super League,Doble Chance,1X,1.6,pinnacle,4,0.5273,0.0325,1.83,3.85,1.5675,pinnacle:1.6; codere_it:1.59; marathonbet:1.55; betsson:1.53,26.48
Elversberg vs Fortuna Düsseldorf,2025-12-14 07:30:00,Bundesliga 2,Goles (Over/Under),Under 3.5,1.55,codere_it,2,-0.0324,0.0,0.0,8.96,1.55,codere_it:1.55; betsson:1.55,25.26
AC Milan vs Sassuolo,2025-12-14 06:30:00,Serie A,Doble Chance,1X,1.1,marathonbet,4,0.1574,0.01,0.65,3.94,1.09,marathonbet:1.1; pinnacle:1.09; codere_it:1.09; betsson:1.08,25.18
Pescara vs Frosinone,2025-12-14 11:15:00,Serie B,Doble Chance,1X,2.01,pinnacle,4,0.5659,0.095,3.01,4.17,1.915,pinnacle:2.01; codere_it:1.91; marathonbet:1.88; betsson:1.86,25.1
Sporting Lisbon vs AVS Futebol SAD,2025-12-13 15:30:00,Primeira Liga,Goles (Over/Under),Over 3.5,2.03,pinnacle,2,0.4086,0.025,1.25,4.21,2.005,pinnacle:2.03; betsson:1.98,25.01
FC Blau-Weiß Linz vs Rapid Wien,2025-12-14 08:30:00,Austrian Bundesliga,Doble Chance,1X,1.7,pinnacle,3,0.4821,0.04,1.97,3.9,1.66,pinnacle:1.7; codere_it:1.66; betsson:1.62,24.67
Nacional vs Tondela,2025-12-15 12:30:00,Primeira Liga,Doble Chance,1X,1.36,pinnacle,3,0.3287,0.0167,0.93,4.99,1.3433,pinnacle:1.36; betsson:1.34; marathonbet:1.33,24.62
Sparta Rotterdam vs Heerenveen,2025-12-14 06:15:00,Eredivisie,Doble Chance,1X,1.65,pinnacle,4,0.415,0.0275,1.4,4.0,1.6225,pinnacle:1.65; codere_it:1.64; marathonbet:1.6; betsson:1.6,24.59
Wehen Wiesbaden vs FC Energie Cottbus,2025-12-14 07:30:00,3. Liga,Doble Chance,1X,1.48,pinnacle,3,0.4981,0.0267,1.72,5.3,1.4533,pinnacle:1.48; betsson:1.46; codere_it:1.42,24.53
Charleroi vs Union Saint-Gilloise,2025-12-14 12:30:00,Belgium First Div,Doble Chance,1X,1.97,pinnacle,3,0.464,0.0467,1.77,4.03,1.9233,pinnacle:1.97; betsson:1.91; marathonbet:1.89,24.53
AS Roma vs Como,2025-12-15 14:45:00,Serie A,Doble Chance,1X,1.3,codere_it,4,0.1046,0.0075,0.64,3.73,1.2925,codere_it:1.3; marathonbet:1.3; pinnacle:1.29; betsson:1.28,24.12
Fenerbahce vs Torku Konyaspor,2025-12-15 12:00:00,Super League,Goles (Over/Under),Under 3.5,1.6,codere_it,2,-0.0881,0.0,0.0,7.95,1.6,codere_it:1.6; betsson:1.6,23.87
Crystal Palace vs Manchester City,2025-12-14 09:00:00,EPL,Doble Chance,1X,1.99,marathonbet,4,0.213,0.0225,0.91,3.24,1.9675,marathonbet:1.99; pinnacle:1.97; betsson:1.97; codere_it:1.94,23.55
Arouca vs Alverca,2025-12-14 15:30:00,Primeira Liga,Doble Chance,1X,1.5,pinnacle,3,0.25,0.0167,0.84,5.0,1.4833,pinnacle:1.5; marathonbet:1.48; betsson:1.47,23.4
Genk vs Westerlo,2025-12-14 13:15:00,Belgium First Div,Doble Chance,1X,1.23,pinnacle,3,0.3826,0.0167,1.4,4.26,1.2133,pinnacle:1.23; betsson:1.22; marathonbet:1.19,23.32
Dender vs Club Brugge,2025-12-14 10:00:00,Belgium First Div,Doble Chance,1X,2.37,pinnacle,3,0.3797,0.0367,1.41,4.24,2.3333,pinnacle:2.37; marathonbet:2.34; betsson:2.29,23.2
SC Freiburg vs Borussia Dortmund,2025-12-14 09:30:00,Bundesliga,Doble Chance,1X,1.73,pinnacle,4,0.2909,0.025,1.21,3.3,1.705,pinnacle:1.73; marathonbet:1.72; codere_it:1.69; betsson:1.68,23.05
RC Lens vs Nice,2025-12-14 11:15:00,Ligue 1,Doble Chance,1X,1.13,codere_it,4,-0.1283,0.005,0.44,4.99,1.125,codere_it:1.13; marathonbet:1.13; pinnacle:1.12; betsson:1.12,22.89
Brentford vs Leeds United,2025-12-14 11:30:00,EPL,Doble Chance,1X,1.3,pinnacle,4,0.142,0.01,0.78,3.45,1.29,pinnacle:1.3; marathonbet:1.3; codere_it:1.28; betsson:1.28,22.88
FC Twente Enschede vs Go Ahead Eagles,2025-12-14 08:30:00,Eredivisie,Doble Chance,1X,1.1,pinnacle,4,0.2857,0.015,1.03,4.41,1.085,pinnacle:1.1; codere_it:1.09; marathonbet:1.08; betsson:1.07,22.81
Schweinfurt vs TSV Havelse,2025-12-14 13:30:00,3. Liga,Doble Chance,1X,1.45,pinnacle,3,0.4834,0.0433,2.2,5.42,1.4067,pinnacle:1.45; betsson:1.39; codere_it:1.38,22.74
Jahn Regensburg vs Waldhof Mannheim,2025-12-14 10:30:00,3. Liga,Doble Chance,1X,1.53,pinnacle,3,0.4647,0.04,1.98,5.38,1.49,pinnacle:1.53; betsson:1.48; codere_it:1.46,22.71
Bayern Munich vs FSV Mainz 05,2025-12-14 11:30:00,Bundesliga,Goles (Over/Under),Under 4.5,1.65,codere_it,2,0.2154,0.015,0.92,3.9,1.635,codere_it:1.65; betsson:1.62,22.46
CD Castellón vs CD Mirandés,2025-12-15 14:30:00,La Liga 2,Doble Chance,1X,1.09,pinnacle,4,0.2876,0.0125,1.01,5.98,1.0775,pinnacle:1.09; betsson:1.08; marathonbet:1.08; codere_it:1.06,21.87
Getafe vs Espanyol,2025-12-13 15:00:00,La Liga,Goles (Over/Under),Under 1.5,2.1,codere_it,2,0.3737,0.04,1.94,3.8,2.06,codere_it:2.1; betsson:2.02,21.63
Panathinaikos vs Volos FC,2025-12-14 14:00:00,Super League,Doble Chance,1X,1.05,pinnacle,3,0.3881,0.0167,1.64,5.23,1.0333,pinnacle:1.05; betsson:1.04; codere_it:1.01,21.56
Sunderland vs Newcastle United,2025-12-14 09:00:00,EPL,Doble Chance,1X,1.7,marathonbet,4,0.25,0.035,1.38,3.2,1.665,marathonbet:1.7; pinnacle:1.67; codere_it:1.65; betsson:1.64,21.0
NAC Breda vs FC Utrecht,2025-12-14 10:45:00,Eredivisie,Goles (Over/Under),Under 2.5,2.0,codere_it,3,-0.1107,0.0433,2.14,5.87,1.9567,codere_it:2.0; pinnacle:1.97; betsson:1.9,20.96
Fenerbahce vs Torku Konyaspor,2025-12-15 12:00:00,Super League,Doble Chance,1X,1.04,pinnacle,4,0.1729,0.0075,0.8,6.13,1.0325,pinnacle:1.04; marathonbet:1.04; betsson:1.03; codere_it:1.02,20.95
Carrarese vs Virtus Entella,2025-12-14 09:00:00,Serie B,Doble Chance,1X,1.4,codere_it,4,0.264,0.02,1.15,4.81,1.38,codere_it:1.4; pinnacle:1.39; marathonbet:1.37; betsson:1.36,20.77
Boulogne vs Troyes,2025-12-15 14:45:00,Ligue 2,Doble Chance,1X,1.77,pinnacle,4,0.3759,0.045,1.71,5.64,1.725,pinnacle:1.77; marathonbet:1.73; betsson:1.71; codere_it:1.69,20.67
Arsenal vs Wolverhampton Wanderers,2025-12-13 15:00:00,EPL,Goles (Over/Under),Over 3.5,2.18,betsson,2,0.3241,0.03,1.4,5.4,2.15,betsson:2.18; codere_it:2.12,20.57
Werder Bremen vs VfB Stuttgart,2025-12-14 13:30:00,Bundesliga,Doble Chance,1X,1.68,pinnacle,4,0.2738,0.025,1.57,3.36,1.655,pinnacle:1.68; marathonbet:1.68; codere_it:1.64; betsson:1.62,20.54
Auxerre vs Lille,2025-12-14 11:15:00,Ligue 1,Doble Chance,1X,2.06,marathonbet,4,0.3252,0.0675,2.23,3.29,1.9925,marathonbet:2.06; pinnacle:2.0; codere_it:1.97; betsson:1.94,20.32
Carrarese vs Virtus Entella,2025-12-14 09:00:00,Serie B,Goles (Over/Under),Under 2.5,1.62,betsson,2,0.0534,0.0,0.0,8.24,1.62,betsson:1.62; codere_it:1.62,20.23
Udinese vs Napoli,2025-12-14 09:00:00,Serie A,Doble Chance,1X,1.99,pinnacle,4,0.279,0.0325,1.59,3.62,1.9575,pinnacle:1.99; marathonbet:1.98; codere_it:1.95; betsson:1.91,20.18
Genoa vs Inter Milan,2025-12-14 12:00:00,Serie A,Doble Chance,1X,2.53,marathonbet,4,0.2097,0.05,1.31,3.29,2.48,marathonbet:2.53; pinnacle:2.48; codere_it:2.47; betsson:2.44,20.0
AD Ceuta FC vs Las Palmas,2025-12-14 15:00:00,La Liga 2,Goles (Over/Under),Under 1.5,2.35,betsson,2,0.0336,0.015,0.64,8.34,2.335,betsson:2.35; codere_it:2.32,19.03
Moreirense FC vs Benfica,2025-12-14 13:00:00,Primeira Liga,Doble Chance,1X,3.22,pinnacle,3,0.3982,0.1733,4.16,4.57,3.0467,pinnacle:3.22; betsson:3.0; marathonbet:2.92,18.73
Elversberg vs Fortuna Düsseldorf,2025-12-14 07:30:00,Bundesliga 2,Goles (Over/Under),Over 3.5,2.28,betsson,2,0.0346,0.015,0.66,8.38,2.265,betsson:2.28; codere_it:2.25,18.58
Atromitos Athens vs PAOK Thessaloniki,2025-12-14 11:00:00,Super League,Doble Chance,1X,2.82,pinnacle,3,0.3972,0.11,3.85,4.96,2.71,pinnacle:2.82; betsson:2.74; codere_it:2.57,18.55
Marseille vs AS Monaco,2025-12-14 14:45:00,Ligue 1,Goles (Over/Under),Over 3.5,2.18,betsson,2,0.1991,0.025,1.16,6.48,2.155,betsson:2.18; codere_it:2.13,17.68
Schweinfurt vs TSV Havelse,2025-12-14 13:30:00,3. Liga,Goles (Over/Under),Over 3.5,2.22,betsson,2,0.106,0.02,0.91,7.55,2.2,betsson:2.22; codere_it:2.18,16.82
Levante vs Villarreal,2025-12-14 12:30:00,La Liga,Doble Chance,1X,2.25,pinnacle,4,0.1172,0.0275,1.4,3.67,2.2225,pinnacle:2.25; marathonbet:2.24; betsson:2.23; codere_it:2.17,16.11
Panetolikos Agrinio vs AEK Athens,2025-12-14 10:30:00,Super League,Doble Chance,1X,3.05,pinnacle,3,0.3283,0.1333,4.28,5.3,2.9167,pinnacle:3.05; betsson:2.95; codere_it:2.75,15.96
RC Lens vs Nice,2025-12-14 11:15:00,Ligue 1,Goles (Over/Under),Over 3.5,2.31,codere_it,2,0.2576,0.065,2.9,4.27,2.245,codere_it:2.31; betsson:2.18,15.86
Aris Thessaloniki vs Olympiakos Piraeus,2025-12-14 13:00:00,Super League,Doble Chance,1X,2.8,pinnacle,3,0.3327,0.17,5.13,5.2,2.63,pinnacle:2.8; betsson:2.62; codere_it:2.47,15.78
Alavés vs Real Madrid,2025-12-14 15:00:00,La Liga,Doble Chance,1X,2.37,pinnacle,4,0.1188,0.0475,1.5,3.62,2.3225,pinnacle:2.37; marathonbet:2.34; codere_it:2.3; betsson:2.28,15.76
SV Darmstadt 98 vs SC Preußen Münster,2025-12-14 07:30:00,Bundesliga 2,Doble Chance,1X,1.16,codere_it,4,0.0741,0.0125,1.13,6.21,1.1475,codere_it:1.16; pinnacle:1.16; marathonbet:1.14; betsson:1.13,14.29
Werder Bremen vs VfB Stuttgart,2025-12-14 13:30:00,Bundesliga,Goles (Over/Under),Over 3.5,2.32,betsson,2,0.2003,0.045,1.98,6.39,2.275,betsson:2.32; codere_it:2.23,14.19
Sparta Rotterdam vs Heerenveen,2025-12-14 06:15:00,Eredivisie,Goles (Over/Under),Over 3.5,2.36,betsson,2,-0.037,0.02,0.85,6.48,2.34,betsson:2.36; codere_it:2.32,13.74
West Ham United vs Aston Villa,2025-12-14 09:00:00,EPL,Doble Chance,1X,1.84,betsson,4,-0.0995,0.015,0.82,4.42,1.825,betsson:1.84; pinnacle:1.83; marathonbet:1.83; codere_it:1.8,13.74
Fenerbahce vs Torku Konyaspor,2025-12-15 12:00:00,Super League,Goles (Over/Under),Over 3.5,2.27,betsson,2,0.1069,0.035,1.57,6.55,2.235,betsson:2.27; codere_it:2.2,12.63
Ajax vs Feyenoord,2025-12-14 08:30:00,Eredivisie,Doble Chance,1X,1.72,betsson,4,0.0458,0.025,1.53,5.46,1.695,betsson:1.72; pinnacle:1.72; codere_it:1.68; marathonbet:1.66,11.57
FC Twente Enschede vs Go Ahead Eagles,2025-12-14 08:30:00,Eredivisie,Goles (Over/Under),Over 3.5,2.26,betsson,2,-0.0236,0.03,1.35,6.36,2.23,betsson:2.26; codere_it:2.2,9.84
Austria Wien vs Sturm Graz,2025-12-14 11:00:00,Austrian Bundesliga,Doble Chance,1X,1.41,codere_it,3,-0.0484,0.0133,1.35,5.99,1.3967,codere_it:1.41; pinnacle:1.41; betsson:1.37,9.29
Rangers vs Hibernian,2025-12-15 14:45:00,Premiership,Doble Chance,1X,1.25,betsson,4,0.0207,0.0225,2.03,7.25,1.2275,betsson:1.25; pinnacle:1.25; marathonbet:1.22; codere_it:1.19,8.31
AD Ceuta FC vs Las Palmas,2025-12-14 15:00:00,La Liga 2,Goles (Over/Under),Over 1.5,1.52,betsson,2,0.0336,0.0,0.0,8.34,1.52,betsson:1.52; codere_it:1.52,3.41
Ajax vs Feyenoord,2025-12-14 08:30:00,Eredivisie,Goles (Over/Under),Over 3.5,2.21,codere_it,2,0.0,0.0,0.0,6.22,2.21,codere_it:2.21; betsson:2.21,3.22
BSC Young Boys vs FC Luzern,2025-12-14 08:00:00,Swiss Superleague,Goles (Over/Under),Over 3.5,2.08,betsson,2,-0.0908,0.0,0.0,7.6,2.08,betsson:2.08; codere_it:2.08,-0.09